id,dateCreate,grade,isCountable,commentCount,resolutionIsApproved,hasDocuments,title,text,userName,agentId,agentAnswerText,company_id,company_code,company_name,company_url,bank_processed,service_category,scraped_page
12574221,2025-09-25 11:32:23,5,True,1,,False,Благодарность Ксении Ульяновск,"<p>Добрый день , карту получил. Очень порадовала возможность оформления карты через доставку , со мной заранее связалась Ксения, уточнила по времени, когда мне будет удобно. Приехала вовремя, рассказала все условия по карте, что уже входит в тариф, а что банк может предложить дополнительно. Заинтересовали ставки по накопительным счета и вкладам, а так же кешбек 20% на продукты. Картой доволен, доставка и проведение встречи на уровне.</p>",user-280222569592,2764,"Здравствуйте!

Спасибо за добрые слова.
Нам важно знать, что качество сервиса соответствовало вашим ожиданиям.

Будем признательны, если в комментариях к отзыву вы укажите дату встречи с представителем? 
На какие вопросы ответил сотрудник?

Эта информация будет полезна администраторам портала при принятии решения о зачете отзыва.

С уважением,
Команда экспертов Газпромбанка",2764,gazprombank,Газпромбанк,gazprombank,Газпромбанк,all,1
12574028,2025-09-25 10:56:43,5,True,0,,False,Приятная встреча с представителем,"<p>была встреча с представителем Т-ым Сергеем, Качественный специалист, все рассказал о карте, так же рассказал об накопительных Счетах и вкладах, предложил оформить страхование карт и счетов, рассказал про социального и юридического помощника, помог пройти регистрацию в приложении и активировать карту.</p>",user-959522883531,2764,"Здравствуйте!

Спасибо за отзыв. Надеемся, что и дальнейшее обслуживание будет приносить только положительные эмоции.
Будем благодарны, если в комментариях дополните ваш отзыв. Сколько времени заняло обслуживание? Уточните, пожалуйста, дату встречи с представителем банка.
Это поможет модераторам засчитать оценку.

С уважением,
Команда экспертов Газпромбанка
",2764,gazprombank,Газпромбанк,gazprombank,Газпромбанк,all,1
12573710,2025-09-25 08:41:15,5,True,0,,True,Консультация,"<p>Здравствуйте. </p>
<p>Не удавалось компенсировать покупку в мобильном приложении, написал в соц.сетях, чтобы узнать по какой причине.</p>
<p>Первое сообщение было в 09:32 25.09.2025.</p>
<p>Спросил почему не удаётся компенсировать покупку, ответ прилетел через минуту, уточнили какая ошибка возникает.</p>
<p>Написал, что нет подходящих покупок. В ответ прислали требования для компенсации с ссылкой на документ, открыл, посмотрел, оказывается не все покупки можно компенсировать. Уточнил: мсс 5631 нельзя компенсировать? Написали, что данная покупка не подходит для компенсации. Еще спросил про мсс 5812 и 5914, написали, что эти покупки можно.</p>
<p>Спасибо за исчерпывающие и быстрые ответы. Социальная сеть отличная альтернатива для тех, кто не любит звонить и хочет быстро получить ответы на свои вопросы.</p>",user-310314426692,2764,"Здравствуйте! 

Благодарим за положительный отзыв. Нам важно знать, что качество сервиса соответствовало вашим ожиданиям. Надеемся и дальнейшее сотрудничество будет приносить только положительные впечатления. 

С уважением, 
Команда экспертов Газпромбанка
",2764,gazprombank,Газпромбанк,gazprombank,Газпромбанк,all,1
12573663,2025-09-25 08:04:56,5,True,1,,True,Вклад копить,"<p>Доброе утро.</p>
<p>Решила написать в соц.сетях для уточнения условий по вкладу КОПИТЬ.</p>
<p></p>
<p>Наш диалог:</p>
<p>-на какой срок можно открыть вклад копить?</p>
<p>-срок вклада:31,91,120,181,367,731 и 1095 дней.</p>
<p></p>
<p>-пополнение и частичное снятие возможно?</p>
<p>-не предусмотрено.</p>
<p></p>
<p>-может ли поменяться ставка после открытия?</p>
<p>-нет,ставка будет фиксированной на весь срок действия договора.</p>
<p></p>
<p>-есть ли надбавки по этому вкладу?</p>
<p>Мне прислали список с надбавками. </p>
<p></p>
# ... (файл сокращен для демонстрации)